name,file type 1,file type 2,polyglot type,VirusTotal,Hybrid Analysis,MetaDefender Cloud,Jotti’s Malware Scan,Google
Hello world,LUA,,clear,0.0,0.0,0.0,0.0,0.0
Hello world,LUA,BMP,create,0.0,0.0,0.0,0.0,0.0
Hello world,LUA,BMP,overwrite,0.0,0.0,0.0,0.0,0.0
Hello world,LUA,BMP,injection,0.0,0.0,0.0,0.0,0.0
Reverse shell,LUA,,clear,0.12903225806451613,0.08,0.09090909090909091,0.23076923076923078,0.0
Reverse shell,LUA,BMP,create,0.13114754098360656,0.08,0.09090909090909091,0.23076923076923078,0.0
Reverse shell,LUA,BMP,overwrite,0.13114754098360656,0.08,0.09090909090909091,0.23076923076923078,0.0
Reverse shell,LUA,BMP,injection,0.13114754098360656,0.08,0.09090909090909091,0.23076923076923078,0.0
Fork bomb,LUA,,clear,0.0,0.0,0.0,0.0,0.0
Fork bomb,LUA,BMP,create,0.0,0.0,0.0,0.0,0.0
Fork bomb,LUA,BMP,overwrite,0.0,0.0,0.0,0.0,0.0
Fork bomb,LUA,BMP,injection,0.0,0.0,0.0,0.0,0.0
SmartLoader,LUA,,clear,0.43548387096774194,0.32,0.20833333333333334,0.6153846153846154,1.0
SmartLoader,LUA,BMP,create,0.0,0.0,0.0,0.0,0.0
SmartLoader,LUA,BMP,overwrite,0.0,0.0,0.0,0.0,0.0
SmartLoader,LUA,BMP,injection,0.0,0.0,0.0,0.0,0.0
SmartLoader,JS,,clear,0.4262295081967213,0.28,0.25,0.6923076923076923,1.0
SmartLoader,JS,BMP,create,0.03278688524590164,0.0,0.0,0.07692307692307693,0.0
SmartLoader,JS,BMP,overwrite,0.0,0.0,0.0,0.0,0.0
SmartLoader,JS,BMP,injection,0.03278688524590164,0.0,0.0,0.07692307692307693,0.0
Strela Stealer,JS,,clear,0.46774193548387094,0.32,0.09090909090909091,0.5384615384615384,1.0
Strela Stealer,JS,BMP,create,0.18032786885245902,0.08,0.09090909090909091,0.3076923076923077,1.0
Strela Stealer,JS,BMP,overwrite,0.03278688524590164,0.0,0.0,0.07692307692307693,0.0
Strela Stealer,JS,BMP,injection,0.03278688524590164,0.0,0.0,0.07692307692307693,0.0
Agent Tesla,JS,,clear,0.532258064516129,0.36,0.13636363636363635,0.6923076923076923,1.0
Agent Tesla,JS,BMP,create,0.13114754098360656,0.04,0.0,0.23076923076923078,1.0
Agent Tesla,JS,BMP,overwrite,0.08196721311475409,0.04,0.0,0.15384615384615385,1.0
Agent Tesla,JS,BMP,injection,0.08196721311475409,0.04,0.0,0.15384615384615385,1.0
