name,file type 1,file type 2,polyglot type,VirusTotal,Hybrid Analysis,MetaDefender Cloud,Jotti’s Malware Scan,Google
Hello world,PHP,,clear,0.0,0.0,0.0,0.0,0.0
Hello world,PHP,JPG,polyglot,0.0,0.038461538461538464,0.0,0.0,0.0
Reverse shell,PHP,,clear,0.38333333333333336,0.23076923076923078,0.18181818181818182,0.6923076923076923,0.0
Reverse shell,PHP,JPG,polyglot,0.19672131147540983,0.1111111111111111,0.13636363636363635,0.3076923076923077,0.0
PurpleFox,PHP,,clear,0.3333333333333333,0.2,0.13043478260869565,0.46153846153846156,1.0
PurpleFox,PHP,JPG,polyglot,0.0,0.038461538461538464,0.0,0.0,0.0
CobaltStrike,PHP,,clear,0.32786885245901637,0.043478260869565216,0.13636363636363635,0.46153846153846156,1.0
CobaltStrike,PHP,JPG,polyglot,0.01639344262295082,0.07692307692307693,0.0,0.0,0.0
AgentTesla,PDF,,clear,0.421875,0.3333333333333333,0.2857142857142857,0.6923076923076923,1.0
AgentTesla,PDF,JPG,polyglot,0.23809523809523808,0.18518518518518517,0.13636363636363635,0.38461538461538464,1.0
