name,file type 1,file type 2,polyglot type,VirusTotal,Hybrid Analysis,MetaDefender Cloud,Jotti’s Malware Scan,Google
Hello world,SH,,clear,0.0,0.0,0.0,0.0,0.0
Hello world,SH,PDF,start,0.0,0.0,0.0,0.0,0.0
Hello world,SH,PDF,end,0.0,0.0,0.0,0.0,0.0
Hello world,SH,PDF,middle,0.0,0.0,0.0,0.0,0.0
Reverse shell,RB,,clear,0.0,0.0,0.0,0.0,0.0
Reverse shell,RB,PDF,end,0.0,0.037037037037037035,0.0,0.0,0.0
BeaverTail,PY,,clear,0.5645161290322581,0.38461538461538464,0.0,0.8461538461538461,1.0
BeaverTail,PY,PDF,end,0.20634920634920634,0.14814814814814814,0.09090909090909091,0.3076923076923077,1.0
Mirai (python),PY,,clear,0.5,0.08333333333333333,0.0,0.6153846153846154,1.0
Mirai (python),PY,PDF,end,0.1875,0.19230769230769232,0.18181818181818182,0.3076923076923077,1.0
Mirai (bash),SH,,clear,0.5645161290322581,0.4230769230769231,0.3548387096774194,0.6153846153846154,1.0
Mirai (bash),SH,PDF,end,0.359375,0.3076923076923077,0.2727272727272727,0.46153846153846156,1.0
Mirai (bash),SH,PDF,middle,0.359375,0.2962962962962963,0.2727272727272727,0.46153846153846156,1.0
