name,file type 1,file type 2,polyglot type,VirusTotal,Hybrid Analysis,MetaDefender Cloud,Jotti’s Malware Scan,Google
Hello world,SH,,clear,0.0,,0.0,0.0,0.0
Hello world,,JAR,clear,0.0,,0.0,0.0,0.0
Hello world,SH,JAR,start,0.0,,0.0,0.0,0.0
Hello world,SH,JAR,end,0.0,,0.0,0.0,0.0
Mirai,SH,,clear,0.5806451612903226,0.4230769230769231,0.3548387096774194,0.6153846153846154,1.0
Mirai,SH,ZIP,start,0.22580645161290322,0.07407407407407407,0.13636363636363635,0.23076923076923078,1.0
Mirai,SH,ZIP,middle,0.18032786885245902,0.14814814814814814,0.09090909090909091,0.07692307692307693,0.0
Mirai,SH,ZIP,end,0.3225806451612903,0.07692307692307693,0.09090909090909091,0.38461538461538464,1.0
Gafgyt,SH,,clear,0.29508196721311475,0.15384615384615385,0.0967741935483871,0.3076923076923077,1.0
Gafgyt,SH,ZIP,start,0.016129032258064516,0.18518518518518517,0.0,0.0,1.0
Gafgyt,SH,ZIP,middle,0.0,0.037037037037037035,0.0,0.0,0.0
Gafgyt,SH,ZIP,end,0.016129032258064516,0.0,0.0,0.07692307692307693,0.0
Coin Miner,SH,,clear,0.4603174603174603,0.3333333333333333,0.043478260869565216,0.5384615384615384,1.0
Coin Miner,,ZIP,clear,0.46875,0.11538461538461539,0.09090909090909091,0.8461538461538461,1.0
Coin Miner,SH,ZIP,start,0.3114754098360656,0.1111111111111111,0.045454545454545456,0.6153846153846154,1.0
Coin Miner,SH,ZIP,middle,0.2711864406779661,0.038461538461538464,0.0,0.6153846153846154,0.0
Coin Miner,SH,ZIP,end,0.3,0.038461538461538464,0.0,0.6923076923076923,1.0
